{
    "(2, 1)": [
        4.565420000000001,
        4.565419999998261,
        7.982000000000001,
        6.183799999999998
    ],
    "(1, 1)": [
        4.565419988720987,
        6.183799196892661,
        6.1838000000000015,
        4.56541963273868
    ],
    "(2, 2)": [
        6.1838000000000015,
        6.1838000000000015,
        9.98,
        6.1838000000000015
    ],
    "(1, 2)": [
        6.18379999754762,
        7.982000000000001,
        7.9819999824274035,
        4.56541998845734
    ],
    "(3, 2)": [
        7.982000000000001,
        4.565411449570271,
        6.183797137255225,
        4.5654098070713856
    ],
    "(3, 1)": [
        6.183799999999951,
        3.1035814549297793,
        6.183799999620365,
        4.565419691541587
    ],
    "(1, 3)": [
        7.981999999896405,
        9.98,
        9.97914245215607,
        6.1837676046536725
    ],
    "(1, 4)": [
        7.751990363140249,
        12.199839976430415,
        7.727225380564967,
        6.384111975899867
    ],
    "(1, 5)": [
        4.736633061460979,
        1.8880000000000003,
        4.736633061460979,
        9.893823109037614
    ],
    "(2, 5)": [
        -0.8,
        -0.8,
        -0.96,
        10.559999999999999
    ],
    "(4, 4)": [
        6.1999999999999496,
        8.0,
        7.999999999999646,
        6.199999999999999
    ],
    "(5, 4)": [
        6.199999999989818,
        8.0,
        10.0,
        6.199999998204154
    ],
    "(4, 5)": [
        7.999999993929368,
        9.999999999999979,
        7.99999287906376,
        6.19999999398386
    ],
    "(5, 5)": [
        0.0,
        0.0,
        0.0,
        0.0
    ],
    "(4, 2)": [
        6.183796377810529,
        4.3480965410231756,
        4.565416022895672,
        3.1070507405744436
    ],
    "(4, 1)": [
        4.565204382532872,
        2.3418948360395593,
        4.559659600617812,
        3.1023273916378087
    ],
    "(5, 2)": [
        4.564479583809839,
        3.60014357556838,
        6.199982486382642,
        2.370801187919186
    ],
    "(5, 1)": [
        3.0109566486069665,
        2.368780487720949,
        4.229439335787197,
        2.217661845019815
    ],
    "(5, 3)": [
        6.1992136091692895,
        6.188238994927954,
        7.999999999996659,
        4.578777467455062
    ],
    "(2, 3)": [
        7.982,
        9.98,
        12.2,
        7.982000000000001
    ]
}