{
    "(2, 1)": [
        4.565419999999548,
        4.565419999990961,
        7.982000000000001,
        6.1838000000000015
    ],
    "(3, 1)": [
        6.159081701922645,
        3.0271956795506783,
        6.183799999999441,
        4.5597038678833375
    ],
    "(3, 2)": [
        7.982000000000001,
        4.564969895272001,
        6.18379301282489,
        4.565412323213699
    ],
    "(4, 2)": [
        6.183797586383645,
        4.57992972777072,
        3.3007807344315,
        1.3098858089812742
    ],
    "(5, 2)": [
        4.529022417993776,
        4.579995787581386,
        6.1999999999456,
        3.121986721871155
    ],
    "(5, 1)": [
        2.8308560781022534,
        3.099192726282762,
        4.5799999878445785,
        2.5666675786009274
    ],
    "(5, 3)": [
        6.199999654273803,
        6.199994715991731,
        8.0,
        4.579984533262948
    ],
    "(5, 4)": [
        6.199999999986148,
        8.0,
        10.0,
        6.199999999999991
    ],
    "(5, 5)": [
        0.0,
        0.0,
        0.0,
        0.0
    ],
    "(1, 1)": [
        4.565263873152933,
        6.183799999999989,
        6.183799743510237,
        4.561512353083222
    ],
    "(1, 2)": [
        6.1837999731622775,
        7.981979846840823,
        7.982000000000001,
        4.56519366044093
    ],
    "(2, 2)": [
        6.183799999999955,
        6.183799999998813,
        9.98,
        6.183799999990534
    ],
    "(4, 1)": [
        3.6301804211382462,
        3.12189152671401,
        4.477322208052881,
        0.513322269450385
    ],
    "(4, 4)": [
        6.199999999997574,
        8.0,
        7.999999999999326,
        6.199999999996615
    ],
    "(4, 5)": [
        7.995783162101761,
        9.999999999999979,
        7.996978167572071,
        6.198902638666606
    ],
    "(1, 3)": [
        7.981990458258648,
        9.98,
        9.979999386494956,
        6.183799956477135
    ],
    "(2, 3)": [
        7.981999999997904,
        9.97999999999999,
        12.2,
        7.982
    ],
    "(1, 4)": [
        9.8185279121307,
        12.19999995069952,
        6.909778928415539,
        7.98192194707605
    ],
    "(1, 5)": [
        2.919172096,
        5.878353100800002,
        0.0,
        9.773568958584832
    ],
    "(2, 5)": [
        0.0,
        -0.992,
        6.038353100800001,
        11.659524255252482
    ]
}